<?xml version="1.0" encoding="UTF-8"?>
<project-private xmlns="http://www.netbeans.org/ns/project-private/1">
    <editor-bookmarks xmlns="http://www.netbeans.org/ns/editor-bookmarks/2" lastBookmarkId="0"/>
    <open-files xmlns="http://www.netbeans.org/ns/projectui-open-files/2">
        <group>
            <file>file:/home/student/Desktop/JIS/final%20product/jis/images/petrolUma/src/java/mapLocation.java</file>
            <file>file:/home/student/Desktop/JIS/final%20product/jis/images/petrolUma/web/mapLocation.html</file>
            <file>file:/home/student/Desktop/JIS/final%20product/jis/images/petrolUma/src/java/workerLoginCheck2.java</file>
            <file>file:/home/student/Desktop/JIS/final%20product/jis/images/petrolUma/web/orderservices.html</file>
            <file>file:/home/student/Desktop/JIS/final%20product/jis/images/petrolUma/src/java/customerLoginCheck.java</file>
            <file>file:/home/student/Desktop/JIS/final%20product/jis/images/petrolUma/src/java/customerRegistrationPage2.java</file>
            <file>file:/home/student/Desktop/JIS/final%20product/jis/images/petrolUma/web/index.html</file>
            <file>file:/home/student/Desktop/JIS/final%20product/jis/images/petrolUma/src/java/customerDetails.java</file>
            <file>file:/home/student/Desktop/JIS/final%20product/jis/images/petrolUma/src/java/locationSave.java</file>
            <file>file:/home/student/Desktop/JIS/final%20product/jis/images/petrolUma/src/java/me.java</file>
            <file>file:/home/student/Desktop/JIS/final%20product/jis/images/petrolUma/web/workerRegistrationPage.js</file>
        </group>
    </open-files>
</project-private>
